"precinct_id","precinct_key","district_id","raw_district_id","precinct_number","party_id","name_ka","votes","vote_share","registered","voted","voted_noon","voted_5pm","turnout_pct","noon_pct","five_pct","invalid_ballots","invalid_pct"
6413013,"641364.6413.13","641364",6413,13,"gd","",470,0.491632,660,478,0,282,0.724242,0,0.427273,17,0.035565
6413013,"641364.6413.13","641364",6413,13,"independent","",225,0.235356,660,478,0,282,0.724242,0,0.427273,17,0.035565
6413013,"641364.6413.13","641364",6413,13,"nonparliamentary_opposition_2014","",170,0.177824,660,478,0,282,0.724242,0,0.427273,17,0.035565
6413013,"641364.6413.13","641364",6413,13,"unm","",91,0.095188,660,478,0,282,0.724242,0,0.427273,17,0.035565
6711011,"671167.6711.11","671167",6711,11,"gd","",410,0.570236,1197,548,0,217,0.457811,0,0.181287,12,0.021898
6711011,"671167.6711.11","671167",6711,11,"nonparliamentary_opposition_2014","",4,0.005563,1197,548,0,217,0.457811,0,0.181287,12,0.021898
6711011,"671167.6711.11","671167",6711,11,"unm","",305,0.4242,1197,548,0,217,0.457811,0,0.181287,12,0.021898
